epoch,accuracy,loss,val_accuracy,val_loss
0,0.9162499904632568,0.21096207201480865,0.8583999872207642,0.33970698714256287
1,0.9348499774932861,0.1702488213777542,0.8565999865531921,0.36149832606315613
2,0.9463499784469604,0.1411835253238678,0.848800003528595,0.39259809255599976
3,0.9539999961853027,0.12222091108560562,0.8452000021934509,0.45839202404022217
4,0.9563000202178955,0.1158982664346695,0.8500000238418579,0.4252256155014038
5,0.9642999768257141,0.09570132195949554,0.8442000150680542,0.48545894026756287
