epoch,accuracy,loss,val_accuracy,val_loss
0,0.5777000188827515,0.6691575646400452,0.6904000043869019,0.6010458469390869
1,0.7412999868392944,0.535946249961853,0.7275999784469604,0.5486065149307251
2,0.7874000072479248,0.4589579999446869,0.7279999852180481,0.5164476633071899
3,0.7979000210762024,0.4009250998497009,0.7376000285148621,0.5111644268035889
4,0.8148000240325928,0.3537294566631317,0.754800021648407,0.4805142879486084
