epoch,accuracy,loss,val_accuracy,val_loss
0,0.5986999869346619,0.6569780111312866,0.8073999881744385,0.5215098857879639
1,0.8431000113487244,0.3888641893863678,0.84579998254776,0.36144328117370605
2,0.8848999738693237,0.28619685769081116,0.8557999730110168,0.33884304761886597
3,0.907800018787384,0.23755116760730743,0.8597999811172485,0.3342285752296448
4,0.9218500256538391,0.2033136785030365,0.8399999737739563,0.37265321612358093
5,0.9335500001907349,0.17678789794445038,0.8557999730110168,0.35333484411239624
6,0.9433000087738037,0.15475283563137054,0.8529999852180481,0.3790600299835205
7,0.951200008392334,0.13617275655269623,0.8406000137329102,0.42812541127204895
8,0.9551500082015991,0.12273263186216354,0.8446000218391418,0.4392626881599426
