epoch,accuracy,loss,val_accuracy,val_loss
0,0.6314499974250793,0.630342423915863,0.7946000099182129,0.480459600687027
1,0.8518499732017517,0.3737833499908447,0.8479999899864197,0.3620302081108093
2,0.8883500099182129,0.2810898423194885,0.8586000204086304,0.3396090269088745
3,0.9090999960899353,0.23536552488803864,0.8593999743461609,0.33709561824798584
4,0.9244999885559082,0.19821549952030182,0.8416000008583069,0.3670864701271057
5,0.9341999888420105,0.1742328554391861,0.8529999852180481,0.3623059391975403
6,0.9436500072479248,0.15308186411857605,0.8547999858856201,0.3858028054237366
7,0.951449990272522,0.13618889451026917,0.8388000130653381,0.4223453998565674
8,0.9575999975204468,0.11991094797849655,0.8519999980926514,0.42514708638191223
